{
  "id": "0cb69f79-6fdc-4caf-8a52-3a7a1bb654e6",
  "generation": 4,
  "iteration": 84,
  "current_iteration": 90,
  "metrics": {
    "validity": 1.0,
    "sum_radii": 2.1209506498666437,
    "target_ratio": 0.8049148576344,
    "combined_score": 0.8049148576344,
    "eval_time": 1.5659523010253906
  },
  "language": "python",
  "timestamp": 1750749475.8418674,
  "saved_at": 1750749541.6100206
}