{
  "id": "3a21beac-6ca0-461f-9547-e6323e294e5e",
  "generation": 11,
  "iteration": 136,
  "current_iteration": 160,
  "metrics": {
    "validity": 1.0,
    "sum_radii": 2.6359670305077567,
    "target_ratio": 1.0003669945000975,
    "combined_score": 1.0003669945000975,
    "eval_time": 19.973353624343872
  },
  "language": "python",
  "timestamp": 1750800140.3067842,
  "saved_at": 1750802756.4726365
}