{
  "id": "129322f0-63d3-44ab-aa96-7d36620ef312",
  "generation": 3,
  "iteration": 14,
  "timestamp": 1750750448.372354,
  "parent_id": "4f86ccc9-0db0-4f02-bc36-f43402f5ea14",
  "metrics": {
    "validity": 1.0,
    "sum_radii": 2.4123606019268293,
    "target_ratio": 0.9155068698014533,
    "combined_score": 0.9155068698014533,
    "eval_time": 5.3085057735443115
  },
  "language": "python",
  "saved_at": 1750753778.194205
}