{
  "id": "de892d0d-6d06-440e-8576-b9efd1110055",
  "generation": 10,
  "iteration": 44,
  "current_iteration": 50,
  "metrics": {
    "validity": 1.0,
    "sum_radii": 2.6279678467196637,
    "target_ratio": 0.9973312511270072,
    "combined_score": 0.9973312511270072,
    "eval_time": 37.141753911972046
  },
  "language": "python",
  "timestamp": 1750792833.124878,
  "saved_at": 1750793213.8945427
}