{
  "id": "fe622f02-38ac-45be-b759-71ce4683e38f",
  "generation": 3,
  "iteration": 9,
  "current_iteration": 20,
  "metrics": {
    "validity": 1.0,
    "sum_radii": 2.097517461621985,
    "target_ratio": 0.7960218070671671,
    "combined_score": 0.7960218070671671,
    "eval_time": 7.478341817855835
  },
  "language": "python",
  "timestamp": 1750748011.124129,
  "saved_at": 1750748356.6277268
}