{
  "id": "311e49d7-7869-42e5-9149-9607cd37b3ed",
  "generation": 9,
  "iteration": 16,
  "current_iteration": 20,
  "metrics": {
    "validity": 1.0,
    "sum_radii": 2.6077739092445786,
    "target_ratio": 0.9896675177398782,
    "combined_score": 0.9896675177398782,
    "eval_time": 16.183438062667847
  },
  "language": "python",
  "timestamp": 1750790565.305161,
  "saved_at": 1750790809.0944521
}