{
  "id": "21d972d0-0b7d-49dd-8f88-f98a26dbc6ee",
  "generation": 0,
  "iteration": 0,
  "current_iteration": 10,
  "metrics": {
    "validity": 1.0,
    "sum_radii": 2.128862842612575,
    "target_ratio": 0.8079175873292506,
    "combined_score": 0.8079175873292506,
    "eval_time": 1.2307262420654297
  },
  "language": "python",
  "timestamp": 1750787845.3496108,
  "saved_at": 1750788194.3932958
}