{
  "id": "1032941c-e271-44fa-a1c2-3aaad14c5eef",
  "generation": 13,
  "iteration": 206,
  "timestamp": 1750806969.488975,
  "parent_id": "38ee4371-0559-4fcb-9b61-45bfd3780309",
  "metrics": {
    "validity": 1.0,
    "sum_radii": 2.6359773947566274,
    "target_ratio": 1.0003709278013766,
    "combined_score": 1.0003709278013766,
    "eval_time": 48.46163320541382
  },
  "language": "python",
  "saved_at": 1750812970.066852
}