{
  "id": "6ceb5746-d5f9-4974-add3-7ca7456b53a9",
  "generation": 9,
  "iteration": 35,
  "current_iteration": 40,
  "metrics": {
    "validity": 1.0,
    "sum_radii": 2.6266678519590396,
    "target_ratio": 0.9968378944816091,
    "combined_score": 0.9968378944816091,
    "eval_time": 42.1537823677063
  },
  "language": "python",
  "timestamp": 1750791994.9942195,
  "saved_at": 1750792509.3536186
}