{
  "id": "127d08fa-4667-43b5-8127-9b2145091557",
  "generation": 9,
  "iteration": 55,
  "current_iteration": 60,
  "metrics": {
    "validity": 1.0,
    "sum_radii": 2.6279782198298314,
    "target_ratio": 0.9973351877912074,
    "combined_score": 0.9973351877912074,
    "eval_time": 27.898065090179443
  },
  "language": "python",
  "timestamp": 1750793581.7110023,
  "saved_at": 1750793890.0012667
}