{
  "id": "54126da2-1bf6-41b0-82b5-9e88e0a7ff11",
  "generation": 12,
  "iteration": 195,
  "current_iteration": 200,
  "metrics": {
    "validity": 1.0,
    "sum_radii": 2.6359670315249586,
    "target_ratio": 1.0003669948861325,
    "combined_score": 1.0003669948861325,
    "eval_time": 26.916716814041138
  },
  "language": "python",
  "timestamp": 1750805826.6289098,
  "saved_at": 1750806378.762384
}