{
  "id": "d4717d76-0850-4b37-829c-78eb45d9f76b",
  "generation": 6,
  "iteration": 119,
  "current_iteration": 130,
  "metrics": {
    "validity": 1.0,
    "sum_radii": 2.6305882989689358,
    "target_ratio": 0.998325730158989,
    "combined_score": 0.998325730158989,
    "eval_time": 47.83348512649536
  },
  "language": "python",
  "timestamp": 1750798595.6153948,
  "saved_at": 1750799584.9601867
}