{
  "id": "710ca863-c3ea-4d3a-88bb-e3444cec5c4a",
  "generation": 0,
  "iteration": 0,
  "current_iteration": 150,
  "metrics": {
    "validity": 1.0,
    "sum_radii": 2.6359773947566274,
    "target_ratio": 1.0003709278013766,
    "combined_score": 1.0003709278013766,
    "eval_time": 43.179890632629395
  },
  "language": "python",
  "timestamp": 1750921844.478317,
  "saved_at": 1750946051.100303
}