{
  "id": "2844e9c0-2bc7-4dc3-bfbc-63d32cc29d84",
  "generation": 5,
  "iteration": 91,
  "current_iteration": 100,
  "metrics": {
    "validity": 1.0,
    "sum_radii": 2.128862842612575,
    "target_ratio": 0.8079175873292506,
    "combined_score": 0.8079175873292506,
    "eval_time": 0.5886034965515137
  },
  "language": "python",
  "timestamp": 1750749552.572921,
  "saved_at": 1750749713.6662347
}