{
  "id": "a229601d-5cb0-4c2f-a9db-47400a0388e7",
  "generation": 5,
  "iteration": 10,
  "current_iteration": 10,
  "metrics": {
    "validity": 1.0,
    "sum_radii": 2.511207897015921,
    "target_ratio": 0.9530200747688505,
    "combined_score": 0.9530200747688505,
    "eval_time": 16.966673612594604
  },
  "language": "python",
  "timestamp": 1750790186.6092596,
  "saved_at": 1750790186.7425616
}